MMSTRC1;FCPC1(2CE1)/SSTU ROLL CTL CAPT (4CE1/100CE1)
MMSTRC2;FCPC2(2CE2)/SSTU ROLL CTL CAPT (4CE1/100CE1)
MMSTRC3;FCPC3(2CE3)/SSTU ROLL CTL CAPT (4CE1/100CE1)
MMSTRC4;FCSC1(3CE1)/SSTU ROLL CTL CAPT (4CE1/100CE1)
MMSTRC5;FCSC2(3CE2)/SSTU ROLL CTL CAPT (4CE1/100CE1)
MMSTPC1;FCPC1(2CE1)/SSTU PITCH CTL CAPT (4CE3/100CE1)
MMSTPC2;FCPC2(2CE2)/SSTU PITCH CTL CAPT (4CE3/100CE1)
MMSTPC3;FCPC3(2CE3)/SSTU PITCH CTL CAPT (4CE3/100CE1)
MMSTPC4;FCSC1(3CE1)/SSTU PITCH CTL CAPT (4CE3/100CE1)
MMSTPC5;FCSC2(3CE2)/SSTU PITCH CTL CAPT (4CE3/100CE1)
MMSTRF1;FCPC1(2CE1)/SSTU ROLL CTL FO (4CE2/100CE2)
MMSTRF2;FCPC2(2CE2)/SSTU ROLL CTL FO (4CE2/100CE2)
MMSTRF3;FCPC3(2CE3)/SSTU ROLL CTL FO (4CE2/100CE2)
MMSTRF4;FCSC1(3CE1)/SSTU ROLL CTL FO (4CE2/100CE2)
MMSTRF5;FCSC2(3CE2)/SSTU ROLL CTL FO (4CE2/100CE2)
MMSTPF1;FCPC1(2CE1)/SSTU PITCH CTL FO (4CE4/100CE2)
MMSTPF2;FCPC2(2CE2)/SSTU PITCH CTL FO (4CE4/100CE2)
MMSTPF3;FCPC3(2CE3)/SSTU PITCH CTL FO (4CE4/100CE2)
MMSTPF4;FCSC1(3CE1)/SSTU PITCH CTL FO (4CE4/100CE2)
MMSTPF5;FCSC2(3CE2)/SSTU PITCH CTL FO (4CE4/100CE2)
MMSTPC16;SSTU PITCH CTL CAPT (4CE3/100CE1)
MMSTPF16;SSTU PITCH CTL FO (4CE4/100CE2)
MMSTRC16;SSTU ROLL CTL CAPT (4CE1/100CE1)
MMSTRF16;SSTU ROLL CTL FO (4CE2/100CE2)
MMSB1;FCPC1 (2CE1) / SPD BRK CTL XDCR UNIT(20CE)
MMSB2;FCPC2 (2CE2) / SPD BRK CTL XDCR UNIT(20CE)
MMSB3;FCPC3 (2CE3) / SPD BRK CTL XDCR UNIT(20CE)
MMSB4;SPD BRK CTL XDCR UNIT (20CE)
MMTHR1;FCPC1 (2CE1) / THROT CTL UNIT (9KS1)
MMTHR2;FCPC2 (2CE2) / THROT CTL UNIT (9KS1)
MMTHR21;FCPC1(2CE1)+FCPC2(2CE2)/ THROT CTL UNIT (9KS1)
MMTHR25;FCPC1(2CE1)+FCPC3(2CE3)/ THROT CTL UNIT (9KS1)
MMTHR3;FCPC3 (2CE3) / THROT CTL UNIT (9KS1)
MMTHR22;FCPC1(2CE1)+FCPC3(2CE3)/ THROT CTL UNIT (9KS2)
MMTHR5;FCPC1 (2CE1) / THROT CTL UNIT (9KS2)
MMTHR6;FCPC2 (2CE2) / THROT CTL UNIT (9KS2)
MMTHR7;FCPC3 (2CE3) / THROT CTL UNIT (9KS2)
MMTHR10;FCPC2 (2CE2) / THROT CTL UNIT (9KS3)
MMTHR11;FCPC3 (2CE3) / THROT CTL UNIT (9KS3)
MMTHR23;FCPC1(2CE1)+FCPC3(2CE3)/ THROT CTL UNIT (9KS3)
MMTHR9;FCPC1 (2CE1) / THROT CTL UNIT (9KS3)
MMTHR13;FCPC1 (2CE1) / THROT CTL UNIT (9KS4)
MMTHR14;FCPC2 (2CE2) / THROT CTL UNIT (9KS4)
MMTHR15;FCPC3 (2CE3) / THROT CTL UNIT (9KS4)
MMTHR24;FCPC1(2CE1)+FCPC2(2CE2)/ THROT CTL UNIT (9KS4)
MMPRIO1;FCPC1 (2CE1) /CAPT TAKE OVR PRIO SW(8CE1/100CE1)
MMPRIO2;FCPC2 (2CE2) /CAPT TAKE OVR PRIO SW(8CE1/100CE1)
MMPRIO3;FCPC3 (2CE3) /CAPT TAKE OVR PRIO SW(8CE1/100CE1)
MMPRIO4;FCSC1 (3CE1) /CAPT TAKE OVR PRIO SW(8CE1/100CE1)
MMPRIO5;FCSC2 (3CE2) /CAPT TAKE OVR PRIO SW(8CE1/100CE1)
MMPRIO10;FCSC2 (3CE2) / FO TAKE OVR PRIO SW(8CE2/100CE2)
MMPRIO6;FCPC1 (2CE1) / FO TAKE OVR PRIO SW(8CE2/100CE2)
MMPRIO7;FCPC2 (2CE2) / FO TAKE OVR PRIO SW(8CE2/100CE2)
MMPRIO8;FCPC3 (2CE3) / FO TAKE OVR PRIO SW(8CE2/100CE2)
MMPRIO9;FCSC1 (3CE1) / FO TAKE OVR PRIO SW(8CE2/100CE2)
MMPRIO11;FO TAKE OVER PRIORITY PBSW (8CE2/100CE2)
MMPRIO12;CAPT TAKE OVER PRIORITY PBSW (8CE1/100CE1)
MMACC1P1;FCPC1 (2CE1) / VERTICAL ACCLRM1 (16CE1)
MMACC1P1C;FCPC1(2CE1)/WRG:VERTICAL ACCLRM1 TO FCPC1 COM
MMACC1P1M;FCPC1(2CE1)/WRG:VERTICAL ACCLRM1 TO FCPC1 MON
MMACC2P2C;FCPC2(2CE2)/WRG:VERTICAL ACCLRM2 TO FCPC2 COM
MMACC2;VERTICAL ACCLRM2 (16CE2)
MMACC2P2;FCPC2 (2CE2) / VERTICAL ACCLRM2 (16CE2)
MMACC2P2M;FCPC2(2CE2)/WRG:VERTICAL ACCLRM2 TO FCPC2 MON
MMACC2P3;FCPC3 (2CE3) / VERTICAL ACCLRM2 (16CE2)
MMACC2P3C;FCPC3(2CE3)/WRG:VERTICAL ACCLRM2 TO FCPC3 COM
MMACC2P3M;FCPC3(2CE3)/WRG:VERTICAL ACCLRM2 TO FCPC3 MON
MMGY1;RATE GYRO UNIT (18CE) GYRO1
MMGY1P1;FCPC1 (2CE1) / WRG:RATE GYRO UNIT GYRO 1
MMGY1S2;FCSC2 (3CE2) / WRG:RATE GYRO UNIT GYRO 1
MMGY2;RATE GYRO UNIT (18CE) GYRO2
MMGY2S1;FCSC1 (3CE1) / WRG:RATE GYRO UNIT GYRO 2
MMLPPOS1P;FCPC1(2CE1)/L PEDAL POS XDCR TO FCPC1
MMLPPOS3;FCPC3(2CE3)/ L PEDAL POS XDCR (25CE1)
MMPFTUP2;FCPC2(2CE2)/PFTU (46CS) PEDAL POS
MMRPPOS1P;FCPC1(2CE1)/R PEDAL POS XDCR TO FCPC1
MMRPPOS2;FCPC2(2CE2)/ R PEDAL POS XDCR (25CE2)
MMLPPOS1;L PEDAL POS XDCR(25CE1)
MMLPPOS1S;FCSC1(3CE1)/WRG:L PEDAL POS XDCR TO FCSC1
MMPFTUP3;FCPC3(2CE3)/PFTU(46CS) PEDAL POS
MMPPOSP1;FCPC1(2CE1)/ PEDAL POS XDCR(25CE1,2)
MMPPOSP2;FCPC2(2CE2)/PFTU(46CS)/ R PEDAL POS XDCR(25CE2)
MMPPOSP3;FCPC3(2CE3)/PFTU(46CS)/ L PEDAL POS XDCR(25CE1)
MMRPPOS1;R PEDAL POS XDCR(25CE2)
MMRPPOS1S;FCSC1(3CE1)/WRG:R PEDAL POS XDCR TO FCSC1
MMHXG0;G HYD XDCR (6JS1)
MMHXG1;FCPC1 (2CE1) / G HYD XDCR (6JS1)
MMHXG2;FCPC2 (2CE2) / G HYD XDCR (6JS1)
MMHXG3;FCPC3 (2CE3) / G HYD XDCR (6JS1)
MMHXB0;B HYD XDCR (6JS2)
MMHXB1;FCPC1 (2CE1) / B HYD XDCR (6JS2)
MMHXB2;FCPC2 (2CE2) / B HYD XDCR (6JS2)
MMHXB3;FCPC3 (2CE3) / B HYD XDCR (6JS2)
MMHXY0;Y HYD XDCR (6JS3)
MMHXY1;FCPC1 (2CE1) / Y HYD XDCR (6JS3)
MMHXY2;FCPC2 (2CE2) / Y HYD XDCR (6JS3)
MMHXY3;FCPC3 (2CE3) / Y HYD XDCR (6JS3)
MMHSG270;G HYD PRESS SW (19CE1)
MMHSG27P1;FCPC1 (2CE1) / G HYD PRESS SW (19CE1)
MMHSG27S1;FCSC1 (3CE1) / G HYD PRESS SW (19CE1)
MMHSB270;B HYD PRESS SW (19CE2)
MMHSB27P1;FCPC1 (2CE1) / B HYD PRESS SW (19CE2)
MMHSB27S1;FCSC1 (3CE1) / B HYD PRESS SW (19CE2)
MMHSY270;Y HYD PRESS SW (19CE3)
MMHSY27P1;FCPC1 (2CE1) 
MMHSY27S1;FCSC1 (3CE1) / Y HYD PRESS SW (19CE3)
MMHSG290;G HYD PRESS SW (7JS1)
MMHSG29P2;FCPC2 (2CE2) / G HYD PRESS SW (7JS1)
MMHSG29P3;FCPC3 (2CE3) / G HYD PRESS SW (7JS1)
MMHSG29S2;FCSC2 (3CE2) / G HYD PRESS SW (7JS1)
MMHSB290;B HYD PRESS SW (7JS2)
MMHSB29P2;FCPC2 (2CE2) / B HYD PRESS SW (7JS2)
MMHSB29P3;FCPC3 (2CE3) / B HYD PRESS SW (7JS2)
MMHSB29S2;FCSC2 (3CE2) / B HYD PRESS SW (7JS2)
MMHSY290;Y HYD PRESS SW (7JS3)
MMHSY29P2;FCPC2 (2CE2) / Y HYD PRESS SW (7JS3)
MMHSY29P3;FCPC3 (2CE3) / Y HYD PRESS SW (7JS3)
MMHSY29S2;FCSC2 (3CE2) / Y HYD PRESS SW (7JS3)
MMWS1;FCPC1 (2CE1) / WHEEL SPD 5 TACH (15GG1)
MMWS2;FCPC1 (2CE1) / WHEEL SPD 8 TACH (16GG2)
MMWS3;FCPC1 (2CE1) / WHEEL SPD 5/8 TACH (15GG1/16GG2)
MMWS4;FCPC2 (2CE2) / WHEEL SPD 2 TACH (14GG1)
MMWS5;FCPC3 (2CE3) / WHEEL SPD 2 TACH (14GG1)
MMWS6;FCPC2 (2CE2) / WHEEL SPD 3 TACH (13GG2)
MMWS7;FCPC3 (2CE3) / WHEEL SPD 3 TACH (13GG2)
MMWS8;FCPC2 (2CE2) / WHEEL SPD 2/3 TACH (14GG1/13GG2)
MMWS9;FCPC3 (2CE3) / WHEEL SPD 2/3 TACH (14GG1/13GG2)
MMWSA;WHEEL SPD 2 TACH (14GG1)
MMWSB;WHEEL SPD 3 TACH (13GG2)
MMWSC;WHEEL SPD 2 TACH(14GG1)/ WHEEL SPD 3 TACH(13GG2)
MMLSP11;FCPC3 (2CE3)/WRG:L SPLR1 SERVOCTL POS XDCR COM
MMLSP12;FCPC3 (2CE3)/WRG:L SPLR1 SERVOCTL POS XDCR MON
MMLSP13;L SPLR1 SERVOCTL (13CS1) POS XDCR
MMLSP14;FCPC3 (2CE3) / L SPLR1 SERVOCTL SV (13CS1) MON
MMLSP15;FCPC3 (2CE3) / L SPLR1 SERVOCTL SV (13CS1) COM
MMRSP11;FCPC3 (2CE3)/WRG:R SPLR1 SERVOCTL POS XDCR COM
MMRSP12;FCPC3 (2CE3)/WRG:R SPLR1 SERVOCTL POS XDCR MON
MMRSP13;R SPLR1 SERVOCTL (13CS2) POS XDCR
MMRSP14;FCPC3 (2CE3) / R SPLR1 SERVOCTL SV (13CS2) MON
MMRSP15;FCPC3 (2CE3) / R SPLR1 SERVOCTL SV (13CS2) COM
MMLSP23;L SPLR2 SERVOCTL (14CS1) POS XDCR
MMLSP24;FCPC3 (2CE3) / L SPLR2 SERVOCTL SV (14CS1) MON
MMLSP25;FCPC3 (2CE3) / L SPLR2 SERVOCTL SV (14CS1) COM
MMRSP23;R SPLR2 SERVOCTL (14CS2) POS XDCR
MMRSP24;FCPC3 (2CE3) / R SPLR2 SERVOCTL SV (14CS2) MON
MMRSP25;FCPC3 (2CE3) / R SPLR2 SERVOCTL SV (14CS2) COM
MMLSP31;FCSC2 (3CE2)/WRG:L SPLR3 SERVOCTL POS XDCR COM
MMLSP32;FCSC2 (3CE2)/WRG:L SPLR3 SERVOCTL POS XDCR MON
MMLSP33;L SPLR3 SERVOCTL (15CS1) POS XDCR
MMLSP34;FCSC2 (3CE2) / L SPLR3 SERVOCTL SV (15CS1) MON
MMLSP35;FCSC2 (3CE2) / L SPLR3 SERVOCTL SV (15CS1) COM
MMRSP31;FCSC2 (3CE2)/WRG:R SPLR3 SERVOCTL POS XDCR COM
MMRSP32;FCSC2 (3CE2)/WRG:R SPLR3 SERVOCTL POS XDCR MON
MMRSP33;R SPLR3 SERVOCTL (15CS2) POS XDCR
MMRSP34;FCSC2 (3CE2) / R SPLR3 SERVOCTL SV (15CS2) MON
MMRSP35;FCSC2 (3CE2) / R SPLR3 SERVOCTL SV (15CS2) COM
MMLSP43;L SPLR4 SERVOCTL (16CS1) POS XDCR
MMLSP44;FCPC2 (2CE2) / L SPLR4 SERVOCTL SV (16CS1) MON
MMLSP45;FCPC2 (2CE2) / L SPLR4 SERVOCTL SV (16CS1) COM
MMRSP43;R SPLR4 SERVOCTL (16CS2) POS XDCR
MMRSP44;FCPC2 (2CE2) / R SPLR4 SERVOCTL SV (16CS2) MON
MMRSP45;FCPC2 (2CE2) / R SPLR4 SERVOCTL SV (16CS2) COM
MMLSP53;L SPLR5 SERVOCTL (17CS1) POS XDCR
MMLSP54;FCPC1 (2CE1) / L SPLR5 SERVOCTL SV (17CS1) MON
MMLSP55;FCPC1 (2CE1) / L SPLR5 SERVOCTL SV (17CS1) COM
MMRSP53;R SPLR5 SERVOCTL (17CS2) POS XDCR
MMRSP54;FCPC1 (2CE1) / R SPLR5 SERVOCTL SV (17CS2) MON
MMRSP55;FCPC1 (2CE1) / R SPLR5 SERVOCTL SV (17CS2) COM
MMLSP61;FCSC1 (3CE1)/WRG:L SPLR6 SERVOCTL POS XDCR COM
MMLSP62;FCSC1 (3CE1)/WRG:L SPLR6 SERVOCTL POS XDCR MON
MMLSP63;L SPLR6 SERVOCTL (18CS1) POS XDCR
MMLSP64;FCSC1 (3CE1) / L SPLR6 SERVOCTL SV (18CS1) MON
MMLSP65;FCSC1 (3CE1) / L SPLR6 SERVOCTL SV (18CS1) COM
MMRSP61;FCSC1 (3CE1)/WRG:R SPLR6 SERVOCTL POS XDCR COM
MMRSP62;FCSC1 (3CE1)/WRG:R SPLR6 SERVOCTL POS XDCR MON
MMRSP63;R SPLR6 SERVOCTL (18CS2) POS XDCR
MMRSP64;FCSC1 (3CE1) / R SPLR6 SERVOCTL SV (18CS2) MON
MMRSP65;FCSC1 (3CE1) / R SPLR6 SERVOCTL SV (18CS2) COM
MMLBIA1;FCPC2 (2CE2)/WRG:L B INR AIL SERVO POS XDCR COM
MMLBIA2;FCPC2 (2CE2)/WRG:L B INR AIL SERVO POS XDCR MON
MMLBIA3;FCPC2(2CE2)/L B INR AIL SERVOCTL (7CS1) POS XDCR
MMLBIA4;FCSC2 (3CE2)/WRG:L B INR AIL SERVO POS XDCR COM
MMLBIA5;FCSC2 (3CE2)/WRG:L B INR AIL SERVO POS XDCR MON
MMLBIA6;FCSC2(3CE2)/L B INR AIL SERVOCTL(7CS1) POS XDCR
MMLBIA7;L B INR AIL SERVOCTL (7CS1) POS XDCR
MMLBIA8;FCPC2(2CE2)/L B INR AIL SERVOCTL SV (7CS1) MON
MMLBIA9;FCSC2(3CE2)/L B INR AIL SERVOCTL SV (7CS1) MON
MMLBIAA;L B INR AIL SERVOCTL SV (7CS1) MON
MMLBIAB;FCPC2(2CE2)/WRG:L B INR AIL SERVOCTL SV
MMLBIAC;FCSC2(3CE2)/WRG:L B INR AIL SERVOCTL SV
MMLBIAD;L B INR AIL SERVOCTL SV (7CS1) COM
MMLBIAE;WRG: LB INR AIL SOL VLV/ FCPC2(2CE2) /SERVO(7CS1)
MMLBIAF;WRG: LB INR AIL SOL VLV/ FCSC2(3CE2) /SERVO(7CS1)
MMLBIAG;L B INR AIL SERVOCTL SOL VLV (7CS1)
MMLBIAH;FCPC2 (2CE2)/WRG:L B INR AIL SERVO MODE XDCR
MMLBIAI;FCSC2 (3CE2)/WRG:L B INR AIL SERVO MODE XDCR
MMLBIAJ;L B INR AIL SERVOCTL MODE XDCR (7CS1)
MMLBIAK;FCPC2(2CE2)/L B INR AIL DELTA P XDCR (7CS1)
MMLBIAL;SERVO(7CS1)/WRG: LB INR AIL SOL VLV/FCPC2(2CE2)
MMLGIA1;FCPC1(2CE1)/WRG:L G INR AIL SERVO POS XDCR COM
MMLGIA2;FCPC1(2CE1)/WRG:L G INR AIL SERVO POS XDCR MON
MMLGIA3;FCPC1(2CE1)/L G INR AIL SERVOCTL (8CS1) POS XDCR
MMLGIA4;FCSC1(3CE1)/WRG:L G INR AIL SERVO POS XDCR COM
MMLGIA5;FCSC1(3CE1)/WRG:L G INR AIL SERVO POS XDCR MON
MMLGIA6;FCSC1(3CE1)/L G INR AIL SERVOCTL (8CS1) POS XDCR
MMLGIA7;L G INR AIL SERVOCTL (8CS1) POS XDCR
MMLGIA8;FCPC1(2CE1)/L G INR AIL SERVOCTL SV (8CS1) MON
MMLGIA9;FCSC1(3CE1)/L G INR AIL SERVOCTL SV (8CS1) MON
MMLGIAA;L G INR AIL SERVOCTL SV (8CS1) MON
MMLGIAB;FCPC1(2CE1)/WRG:L G INR AIL SERVOCTL SV
MMLGIAC;FCSC1(3CE1)/WRG:L G INR AIL SERVOCTL SV
MMLGIAD;L G INR AIL SERVOCTL SV (8CS1) COM
MMLGIAE;WRG: LG INR AIL SOL VLV/ FCPC1(2CE1) /SERVO(8CS1)
MMLGIAF;WRG: LG INR AIL SOL VLV/ FCSC1(3CE1) /SERVO(8CS1)
MMLGIAG;L G INR AIL SERVOCTL SOL VLV (8CS1)
MMLGIAH;FCPC1(2CE1)/WRG:L G INR AIL SERVO MODE XDCR
MMLGIAI;FCSC1(3CE1)/WRG:L G INR AIL SERVO MODE XDCR
MMLGIAJ;L G INR AIL SERVOCTL MODE XDCR (8CS1)
MMLGIAK;FCPC1(2CE1)/L G INR AIL DELTA P XDCR (8CS1)
MMLGIAL;SERVO(8CS1)/WRG: LG INR AIL SOL VLV/FCSC1(3CE1)
MMRBIA1;FCPC2 (2CE2)/WRG:R B INR AIL SERVO POS XDCR COM
MMRBIA2;FCPC2 (2CE2)/WRG:R B INR AIL SERVO POS XDCR MON
MMRBIA3;FCPC2 (2CE2)/R B INR AIL SERVOCTL(8CS2) POS XDCR
MMRBIA4;FCSC2 (3CE2)/WRG:R B INR AIL SERVO POS XDCR COM
MMRBIA5;FCSC2 (3CE2)/WRG:R B INR AIL SERVO POS XDCR MON
MMRBIA6;FCSC2 (3CE2)/R B INR AIL SERVOCTL(8CS2) POS XDCR
MMRBIA7;R B INR AIL SERVOCTL (8CS2) POS XDCR
MMRBIA8;FCPC2 (2CE2)/R B INR AIL SERVOCTL SV (8CS2) MON
MMRBIA9;FCSC2 (3CE2)/R B INR AIL SERVOCTL SV (8CS2) MON
MMRBIAA;R B INR AIL SERVOCTL SV (8CS2) MON
MMRBIAB;FCPC2 (2CE2)/WRG:R B INR AIL SERVOCTL SV
MMRBIAC;FCSC2 (3CE2)/WRG:R B INR AIL SERVOCTL SV
MMRBIAD;R B INR AIL SERVOCTL SV (8CS2) COM
MMRBIAE;WRG: RB INR AIL SOL VLV/ FCPC2(2CE2) /SERVO(8CS2)
MMRBIAF;WRG: RB INR AIL SOL VLV/ FCSC2(3CE2) /SERVO(8CS2)
MMRBIAG;R B INR AIL SERVOCTL SOL VLV (8CS2)
MMRBIAH;FCPC2(2CE2)/WRG:R B INR AIL SERVO MODE XDCR
MMRBIAI;FCSC2(3CE2)/WRG:R B INR AIL SERVO MODE XDCR
MMRBIAJ;R B INR AIL SERVOCTL MODE XDCR (8CS2)
MMRBIAK;FCPC2(2CE2)/R B INR AIL DELTA P XDCR (8CS2)
MMRBIAL;SERVO(8CS2)/WRG: RB INR AIL SOL VLV/FCSC2(3CE2)
MMRGIA1;FCPC1 (2CE1)/WRG:R G INR AIL SERVO POS XDCR COM
MMRGIA2;FCPC1 (2CE1)/WRG:R G INR AIL SERVO POS XDCR MON
MMRGIA3;FCPC1(2CE1)/R G INR AIL SERVOCTL (7CS2) POS XDCR
MMRGIA4;FCSC1(3CE1)/WRG:R G INR AIL SERVO POS XDCR COM
MMRGIA5;FCSC1(3CE1)/WRG:R G INR AIL SERVO POS XDCR MON
MMRGIA6;FCSC1(3CE1)/R G INR AIL SERVOCTL (7CS2) POS XDCR
MMRGIA7;R G INR AIL SERVOCTL (7CS2) POS XDCR
MMRGIA8;FCPC1(2CE1)/R G INR AIL SERVOCTL SV (7CS2) MON
MMRGIA9;FCSC1(3CE1)/R G INR AIL SERVOCTL SV (7CS2) MON
MMRGIAA;R G INR AIL SERVOCTL SV (7CS2) MON
MMRGIAB;FCPC1(2CE1)/WRG:R G INR AIL SERVOCTL SV
MMRGIAC;FCSC1(3CE1)/WRG:R G INR AIL SERVOCTL SV
MMRGIAD;R G INR AIL SERVOCTL SV (7CS2) COM
MMRGIAE;WRG: RG INR AIL SOL VLV/ FCPC1(2CE1) /SERVO(7CS2)
MMRGIAF;WRG: RG INR AIL SOL VLV/ FCSC1(3CE1) /SERVO(7CS2)
MMRGIAG;R G INR AIL SERVOCTL SOL VLV (7CS2)
MMRGIAH;FCPC1(2CE1)/WRG:R G INR AIL SERVO MODE XDCR
MMRGIAI;FCSC1(3CE1)/WRG:R G INR AIL SERVO MODE XDCR
MMRGIAJ;R G INR AIL SERVOCTL MODE XDCR (7CS2)
MMRGIAK;FCPC1(2CE1)/R G INR AIL DELTA P XDCR (7CS2)
MMRGIAL;SERVO(7CS2)/WRG: RG INR AIL SOL VLV/FCPC1(2CE1)
MMRGIAM;SERVO(7CS2)/WRG: RG INR AIL SOL VLV/FCSC1(3CE1)
MMX;----
MMLYOA1;FCPC3(2CE3)/WRG:L Y OUTR AIL SERVO POS XDCR COM
MMLYOA2;FCPC3(2CE3)/WRG:L Y OUTR AIL SERVO POS XDCR MON
MMLYOA3;L Y OUTR AIL SERVOCTL (10CS1) POS XDCR
MMLYOA4;FCPC3(2CE3)/L Y OUTR AIL DELTA P XDCR (10CS1)
MMLYOA5;FCPC3(2CE3)/L Y OUTR AIL SERVOCTL MODEXDCR(10CS1)
MMLOA1;L OUTER AILERON SERVOCTL (9CS1)+(10CS1)
MMLYOA6;WRG: LY OUTR AIL SOL V / FCPC3(2CE3)/SERVO(10CS1)
MMLYOA7;FCPC3(2CE3)/L Y OUTR AIL SERVOCTL SV (10CS1) MON
MMLYOA8;FCPC3(2CE3)/L Y OUTR AIL SERVOCTL SV (10CS1) COM
MMLYOA9;SERVO(10CS1)/WRG:LY OUTR AIL SOL V/FCPC3(2CE3)
MMRGOA1;FCPC3(2CE3)/WRG:R G OUTR AIL SERVO POS XDCR COM
MMRGOA2;FCPC3(2CE3)/WRG:R G OUTR AIL SERVO POS XDCR MON
MMRGOA3;R G OUTR AIL SERVOCTL (10CS2) POS XDCR
MMRGOA4;FCPC3(2CE3)/R G OUTR AIL DELTA P XDCR (10CS2)
MMRGOA5;FCPC3(2CE3)/R G OUTR AIL SERVOCTL MODEXDCR(10CS2)
MMRGOA6;WRG: RG OUTR AIL SOL V / FCPC3(2CE3)/SERVO(10CS2)
MMRGOA7;FCPC3(2CE3)/R G OUTR AIL SERVOCTL SV (10CS2) MON
MMRGOA8;FCPC3(2CE3)/R G OUTR AIL SERVOCTL SV (10CS2) COM
MMRGOA9;SERVO(10CS2)/WRG:RG OUTR AIL SOL V/FCPC3(2CE3)
MMROA1;R OUTER AILERON SERVOCTL (9CS2)+(10CS2)
MMLGOA1;FCSC1(3CE1)/WRG:L G OUTR AIL SERVO POS XDCR COM
MMLGOA2;FCSC1(3CE1)/WRG:L G OUTR AIL SERVO POS XDCR MON
MMLGOA3;L G OUTR AIL SERVOCTL (9CS1) POS XDCR
MMLGOA4;FCSC1(3CE1)/L G OUTR AIL DELTA P XDCR (9CS1)
MMLGOA5;FCSC1(3CE1)/L G OUTR AIL SERVOCTL MODE XDCR(9CS1)
MMLGOA6;WRG: LG OUTR AIL SOL V / FCSC1(3CE1) /SERVO(9CS1)
MMLGOA7;FCSC1(3CE1)/L G OUTR AIL SERVOCTL SV (9CS1) MON
MMLGOA8;FCSC1(3CE1)/L G OUTR AIL SERVOCTL SV (9CS1) COM
MMLGOA9;SERVO(9CS1)/WRG:LG OUTR AIL SOL V/FCSC1(3CE1)
MMRYOA1;FCSC2(3CE2)/WRG:R Y OUTR AIL SERVO POS XDCR COM
MMRYOA2;FCSC2(3CE2)/WRG:R Y OUTR AIL SERVO POS XDCR MON
MMRYOA3;R Y OUTR AIL SERVOCTL (9CS2) POS XDCR
MMRYOA4;FCSC2(3CE2)/R Y OUTR AIL DELTA P XDCR (9CS2)
MMRYOA5;FCSC2(3CE2)/R Y OUTR AIL SERVOCTL MODE XDCR(9CS2)
MMRYOA6;WRG: RY OUTR AIL SOL V / FCSC2(3CE2) /SERVO(9CS2)
MMRYOA7;FCSC2(3CE2)/R Y OUTR AIL SERVOCTL SV (9CS2) MON
MMRYOA8;FCSC2(3CE2)/R Y OUTR AIL SERVOCTL SV (9CS2) COM
MMRYOA9;SERVO(9CS2)/WRG:RY OUTR AIL SOL V/FCSC2(3CE2)
MMLBEL1;FCPC2(2CE2)/WRG:L B ELEV SERVOCTL POS XDCR COM
MMLBEL2;FCPC2(2CE2)/WRG:L ELEV POS XDCR MON
MMLBEL3;FCSC2(3CE2)/WRG:L B ELEV SERVOCTL POS XDCR COM
MMLBEL4;FCSC2(3CE2)/WRG:L ELEV POS XDCR MON
MMLRBIAL;WRG: L/R INR AIL B XDCR SUPPLY
MMLBEL5;L B ELEVATOR SERVOCTL POS XDCR (3CS1)
MMLBEL6;FCPC2(2CE2) / L B ELEV SERVOCTL SV (3CS1) MON
MMLBEL7;FCSC2(3CE2) / L B ELEV SERVOCTL SV (3CS1) MON
MMLBEL8;L B ELEVATOR SERVOCTL SV (3CS1) MON
MMLBGELPOS;L ELEV POS XDCR (4CS1)
MMLBEL9;FCPC2(2CE2)/WRG:L B ELEV SERVOCTL SV
MMLBELA;FCSC2(3CE2)/WRG:L B ELEV SERVOCTL SV
MMLBELB;L B ELEVATOR SERVOCTL SV (3CS1) COM
MMLBELC;WRG: LB ELEV SOL VLV 1 / FCPC1(2CE1) /SERVO(3CS1)
MMLBELD;WRG: LB ELEV SOL VLV 2 / FCSC1(3CE1) /SERVO(3CS1)
MMLBELL;L B ELEVATOR SERVOCTL MODE XDCR (3CS1)
MMLGELG;FCPC2(2CE2)/WRG:L G ELEV SERVOCTL MODE XDCR
MMLGELM;FCSC2(3CE2)/WRG:L G ELEV SERVOCTL MODE XDCR
MMLEL;L ELEV SERVOCTL (2CS1) + (3CS1) + POS XDCR (4CS1)
MMLGEL1;FCPC1(2CE1)/WRG:L G ELEV SERVOCTL POS XDCR COM
MMLGEL2;FCPC1(2CE1)/WRG:L ELEV POS XDCR MON
MMLGEL3;FCSC1(3CE1)/WRG:L G ELEV SERVOCTL POS XDCR COM
MMLGEL4;FCSC1(3CE1)/WRG:L ELEV POS XDCR MON
MMLGEL5;L G ELEVATOR SERVOCTL POS XDCR (2CS1)
MMLGELE;FCPC1(2CE1)/L G ELEV SERVO DELTA P XDCR(2CS1)
MMLRGIAL;WRG: L/R INR AIL G XDCR SUPPLY
MMREL;R ELEV SERVOCTL (2CS2) + (3CS2) + POS XDCR (4CS2)
MMLGEL6;FCPC1(2CE1) / L G ELEV SERVOCTL SV (2CS1) MON
MMLGEL7;FCSC1(3CE1) / L G ELEV SERVOCTL SV (2CS1) MON
MMLGEL8;L G ELEVATOR SERVOCTL SV (2CS1) MON
MMLGEL9;FCPC1(2CE1)/WRG:L G ELEV SERVOCTL SV
MMLGELA;FCSC1(3CE1)/WRG:L G ELEV SERVOCTL SV
MMLBELE;FCPC2 (2CE2)/L B ELEV SERVO DELTA P XDCR(3CS1)
MMLGELB;L G ELEVATOR SERVOCTL SV (2CS1) COM
MMLGELC;WRG: LG ELEV SOL VLV 1 / FCPC2(2CE2) /SERVO(2CS1)
MMLGELD;WRG: LG ELEV SOL VLV 2 / FCSC2(3CE2) /SERVO(2CS1)
MMLGELL;L G ELEVATOR SERVOCTL MODE XDCR (2CS1)
MMRGEL1;FCPC1(2CE1)/WRG:R G ELEV SERVOCTL POS XDCR COM
MMRGEL2;FCPC1 (2CE1)/WRG:R ELEV POS XDCR MON
MMRGEL3;FCSC1(3CE1)/WRG:R G ELEV SERVOCTL POS XDCR COM
MMRGEL4;FCSC1 (3CE1)/WRG:R ELEV POS XDCR MON
MMRGEL5;R G ELEVATOR SERVOCTL POS XDCR (2CS2)
MMRGEL6;FCPC1(2CE1) / R G ELEV SERVOCTL SV (2CS2) MON
MMRGEL7;FCSC1(3CE1) / R G ELEV SERVOCTL SV (2CS2) MON
MMRGEL8;R G ELEVATOR SERVOCTL SV (2CS2) MON
MMRGEL9;FCPC1(2CE1)/WRG:R G ELEV SERVOCTL SV
MMRGELA;FCSC1(3CE1)/WRG:R G ELEV SERVOCTL SV
MMRGELB;R G ELEVATOR SERVOCTL SV (2CS2) COM
MMRGELC;WRG: RG ELEV SOL VLV 1 / FCPC2(2CE2) /SERVO(2CS2)
MMRGELD;WRG: RG ELEV SOL VLV 2 / FCSC2(3CE2) /SERVO(2CS2)
MMRGELE;FCPC1(2CE1)/R G ELEV SERVO DELTA P XDCR(2CS2)
MMRGELL;R G ELEVATOR SERVOCTL MODE XDCR (2CS2)
MMRYELM;FCSC1(3CE1)/WRG:R Y ELEV SERVOCTL MODE XDCR
MMRYGELPOS;R ELEV POS XDCR (4CS2)
MMRYEL1;FCPC2(2CE2)/WRG:R Y ELEV SERVOCTL POS XDCR COM
MMRYEL2;FCPC2 (2CE2)/WRG:R ELEV POS XDCR MON
MMRYEL3;FCSC2(3CE2)/WRG:R Y ELEV SERVOCTL POS XDCR COM
MMRYEL4;FCSC2 (3CE2)/WRG:R ELEV POS XDCR MON
MMRYEL5;R Y ELEVATOR SERVOCTL POS XDCR (3CS2)
MMRYEL6;FCPC2(2CE2) / R Y ELEV SERVOCTL SV (3CS2) MON
MMRYEL7;FCSC2(3CE2) / R Y ELEV SERVOCTL SV (3CS2) MON
MMRYEL8;R Y ELEVATOR SERVOCTL SV (3CS2) MON
MMRYEL9;FCPC2(2CE2)/WRG:R Y ELEV SERVOCTL SV
MMRYELA;FCSC2(3CE2)/WRG:R Y ELEV SERVOCTL SV
MMRGELG;FCPC2(2CE2)/WRG:R G ELEV SERVOCTL MODE XDCR
MMRGELM;FCSC2(3CE2)/WRG:R G ELEV SERVOCTL MODE XDCR
MMRYELB;R Y ELEVATOR SERVOCTL SV (3CS2) COM
MMRYELC;WRG: RY ELEV SOL VLV 1 / FCPC1(2CE1) /SERVO(3CS2)
MMRYELD;WRG: RY ELEV SOL VLV 2 / FCSC1(3CE1) /SERVO(3CS2)
MMRYELE;FCPC2(2CE2)/R Y ELEV SERVO DELTA P XDCR(3CS2)
MMLBELG;FCPC1(2CE1)/WRG:L B ELEV SERVOCTL MODE XCDR
MMLBELM;FCSC1(3CE1)/WRG:L B ELEV SERVOCTL MODE XDCR
MMRYELG;FCPC1(2CE1)/WRG:R Y ELEV SERVOCTL MODE XDCR
MMRYELL;R Y ELEVATOR SERVOCTL MODE XDCR (3CS2)
MMTHS111;THS ELEK MDUL(1CS)/FCPC1 (2CE1)/THS POS XDCR(1CS)
MMTHS112;PITCH TRIM ACTR(1CS)/ MECHANICAL INPUT
MMTHS12;FCPC1(2CE1)/THS ACTUATOR POS XDCR MON (1CS)
MMTHS2;PITCH TRIM ACTR (1CS)
MMTHS1B;FCPC1(2CE1)/WRG:THS ACTR CIRCUIT BREAKER TO FCPC1
MMTHS1D;FCPC1(2CE1)/PITCH TRIM ACTR(1CS)OVERRIDE SWITCH
MMTHS22;FCPC2(2CE2)/THS ACTUATOR POS XDCR MON (1CS)
MMTHS2D;FCPC2(2CE2)/PITCH TRIM ACTR(1CS)OVERRIDE SWITCH
MMTHS6;FCPC2 (2CE2) / THS2 SPLY BREAKING RELAY (6CS2)
MMTHS91;FCPC2 (2CE2) / THS2 SPLY BREAKING RELAY (23CS2)
MMTHS92;FCPC3 (2CE3) / THS3 SPLY BREAKING RELAY (23CS3)
MMTHS2C;THS ELEK MDL (1CS)/POS XDCR(1CS)/FCPC2(2CE2)
MMTHS32;FCPC3(2CE3)/THS ACTUATOR POS XDCR MON (1CS)
MMTHS3C;THS ELEK MDL (1CS)/POS XDCR(1CS)/FCPC3(2CE3)
MMTHS7;FCPC3 (2CE3) / THS3 SPLY BREAKING RELAY (6CS3)
MMTHSC;THS ELEK MDL(1CS)/FCPC1 (2CE1)/RLY(6CS1/23CS1)
MMTHSD;THS ELEK MDL(1CS)/FCPC2 (2CE2)/RLY(6CS2/23CS2)
MMTHSE;THS ELEK MDL(1CS)/FCPC3 (2CE3)/RLY(6CS3/23CS3)
MMTHS1E;FCPC1(2CE1)/PITCH TRIM ACTR(1CS) ELEC MOTOR
MMTHS2E;FCPC2(2CE2)/PITCH TRIM ACTR(1CS) ELEC MOTOR
MMTHS3D;FCPC3(2CE3)/PITCH TRIM ACTR(1CS)OVERRIDE SWITCH
MMTHS3E;FCPC3(2CE3)/PITCH TRIM ACTR(1CS) ELEC MOTOR
MMTHS5;FCPC1 (2CE1) / THS1 SPLY BREAKING RELAY (6CS1)
MMTHS9;FCPC1 (2CE1) / THS1 SPLY BREAKING RELAY (23CS1)
MMRTA1;FCSC1(3CE1)/PFTU(46CS) RUD TRIM COM
MMRTA15;FCSC2(3CE2)/WRG:PFTU RUD TRIM2 SPLY MONITOR
MMRTA16;FCSC1(3CE1)/WRG:PFTU RUD TRIM1 SPLY MONITOR
MMRTA2;FCSC1(3CE1)/PFTU(46CS) RUD TRIM MON
MMRTA3;FCSC1(3CE1)/PFTU(46CS) RUD TRIM ELEK MODULE
MMRTA10;FCSC2(3CE2)/PFTU(46CS) POS XDCR COM
MMRTA11;FCSC2(3CE2)/PFTU(46CS) POS XDCR MON
MMRTA12;FCSC1(3CE1)/PFTU(46CS) POS XDCR
MMRTA13;FCSC2(3CE2)/PFTU(46CS) POS XDCR
MMRTA14;FCSC1(3CE1)/WRG:PFTU RUD TRIM1 PWR SPLY
MMRTA5;FCSC2(3CE2)/PFTU(46CS) RUD TRIM COM
MMRTA6;FCSC2(3CE2)/PFTU(46CS) RUD TRIM MON
MMRTA8;FCSC1(3CE1)/PFTU(46CS) POS XDCR COM
MMRTA9;FCSC1(3CE1)/PFTU(46CS) POS XDCR MON
MMRTC1;FCSC1 (3CE1) / RUD TRIM CTL SW (30CE)
MMRTC2;FCSC2 (3CE2) / RUD TRIM CTL SW (30CE)
MMRTC3;RUD TRIM CTL SW (30CE)
MMRTC4;RUD TRIM RESET SW (31CE)
MMRTC5;FCSC1 (3CE1) / RUD TRIM RESET SW (31CE)
MMRTC6;FCSC2 (3CE2) / RUD TRIM RESET SW (31CE)
MMDC1;FCDC1 (1CE1)
MMDC1TEST;FCDC1 AUTORESET (1CE1)
MMDC2;FCDC2 (1CE2)
MMDC2TEST;FCDC2 AUTORESET (1CE2)
MMPC1;FCPC1 (2CE1)
MMPC2;FCPC2 (2CE2)
MMPC3;FCPC3 (2CE3)
MMSC1;FCSC1 (3CE1)
MMSC2;FCSC2 (3CE2)
MMACCOMF1P1;FCPC1 (2CE1)/ LATERAL ACCLRM1 (36CE1)
MMACCOMF1P3;FCPC3 (2CE3)/ LATERAL ACCLRM1 (36CE1)
MMACCOMF2P1;FCPC1 (2CE1)/ LATERAL ACCLRM2 (36CE2)
MMACCOMF2P3;FCPC3 (2CE3)/ LATERAL ACCLRM2 (36CE2)
MMACCOMF1;LATERAL ACCLRM1 (36CE1)
MMACCOMF2;LATERAL ACCLRM2 (36CE2)
MMACCOMFPB1;FCPC1 (2CE1) / PBSW TURB DAMP (37CE)
MMACCOMFPB2;FCPC2 (2CE2) / PBSW TURB DAMP (37CE)
MMACCOMFPB3;FCPC3 (2CE3) / PBSW TURB DAMP (37CE)
MMBCM;BCM(42CS)
MMBCMBPS;BCM(42CS)/B BPS (43CS) Y BPS (44CS)
MMBCMDIS;BCM(42CS)/FCDC1(1CE1)
MMBCMSCB;BCM(42CS)/RUD SERVOCTL (40CS3)/RUD XDCR (27CS)
MMBCMSCY;BCM(42CS)/RUD SERVOCTL (40CS2)/RUD XDCR (27CS)
MMBPSB;BLUE BPS(43CS)
MMBPSY;YELLOW BPS(44CS)
MMP1BHYD;FCPC1(2CE1)/B HYD XDCR (6JS2)/PRESS SW (19CE2)
MMP1YHYD;FCPC1(2CE1)/Y HYD XDCR (6JS3)/PRESS SW (19CE3)
MMRUDGP1;FCPC1(2CE1)/G RUD SERVOCTL(40CS1) POS XDCR
MMRUDGP10;FCPC1(2CE1)/G RUD SERVOCTL(40CS1) SV COM
MMRUDGP2;FCPC1(2CE1)/ RUD POS XDCR (22CS)
MMRUDGP3;FCPC1(2CE1)/G RUD SERVO (40CS1)DELTA P XDCR
MMRUDGP4;FCPC1(2CE1)/G RUD SERVO (40CS1)DELTA P XDCR COM
MMRUDGP5;FCPC1(2CE1)/G RUD SERVO (40CS1)DELTA P XDCR MON
MMRUDGP6;FCPC1(2CE1)/G RUD SERVOCTL(40CS1)MODE XDCR
MMRUDGP7;FCPC1(2CE1)/G RUD SERVOCTL(40CS1) SV XDCR
MMRUDGP8;WRG:G RUD SERVO SOL VLV/ FCPC1(2CE1)/SERVO(40CS1)
MMRUDGP9;FCPC1(2CE1)/G RUD SERVOCTL(40CS1) SV MON
MMRUDGP11;RUD POS XDCR(22CS)/G RUD SERVOCTL(40CS1) POS XDCR
MMRUDGP12;FCPC1(2CE1)/G RUD SERVOCTL(40CS1)
MMRUDGS1;FCSC1(3CE1)/G RUD SERVOCTL(40CS1) POS XDCR
MMRUDGS2;FCSC1(3CE1)/ RUD POS XDCR (22CS)
MMRUDGS3;FCSC1(3CE1)/G RUD SERVOCTL(40CS1)MODE XDCR
MMRUDGS4;FCSC1(3CE1)/G RUD SERVOCTL(40CS1) SV XDCR
MMRUDGS5;WRG:G RUD SERVO SOL VLV/ FCSC1(3CE1)/SERVO(40CS1)
MMRUDGS6;FCSC1(3CE1)/G RUD SERVOCTL(40CS1) SV MON
MMRUDGS7;FCSC1(3CE1)/G RUD SERVOCTL(40CS1) SV COM
MMRUDGS8;FCSC1(3CE1)/G RUD SERVOCTL(40CS1)
MMRUDG1;G RUD SERVOCTL(40CS1) POS XDCR
MMRUDG2;RUD POS XDCR(22CS)
MMRUDG3;G RUD SERVOCTL(40CS1) MODE XDCR
MMRUDG4;G RUD SERVOCTL(40CS1) SV XDCR
MMRUDG5;G RUD SERVOCTL(40CS1)
MMRUDB1;FCPC2(2CE2)/B RUD SERVOCTL(40CS3) POS XDCR
MMRUDB10;FCPC2(2CE2)/B RUD SERVOCTL(40CS3) SV COM
MMRUDB2;FCPC2(2CE2)/ RUD POS XDCR (22CS)
MMRUDB3;FCPC2(2CE2)/B RUD SERVO (40CS3)DELTA P XDCR
MMRUDB4;FCPC2(2CE2)/B RUD SERVO (40CS3)DELTA P XDCR COM
MMRUDB5;FCPC2(2CE2)/B RUD SERVO (40CS3)DELTA P XDCR MON
MMRUDB6;FCPC2(2CE2)/B RUD SERVOCTL(40CS3)MODE XDCR
MMRUDB7;FCPC2(2CE2)/B RUD SERVOCTL(40CS3) SV XDCR
MMRUDB8;WRG:B RUD SERVO SOL VLV/ FCPC2(2CE2)/SERVO(40CS3)
MMRUDB9;FCPC2(2CE2)/B RUD SERVOCTL(40CS3) SV MON
MMRUDY1;FCPC3(2CE3)/Y RUD SERVOCTL(40CS2) POS XDCR
MMRUDY10;FCPC3(2CE3)/Y RUD SERVOCTL(40CS2) SV COM
MMRUDY2;FCPC3(2CE3)/ RUD POS XDCR (27CS)
MMRUDY3;FCPC3(2CE3)/Y RUD SERVO (40CS2)DELTA P XDCR
MMRUDY4;FCPC3(2CE3)/Y RUD SERVO (40CS2)DELTA P XDCR COM
MMRUDY5;FCPC3(2CE3)/Y RUD SERVO (40CS2)DELTA P XDCR MON
MMRUDY6;FCPC3(2CE3)/Y RUD SERVOCTL(40CS2)MODE XDCR
MMRUDY7;FCPC3(2CE3)/Y RUD SERVOCTL(40CS2) SV XDCR
MMRUDY8;WRG:Y RUD SERVO SOL VLV/ FCPC3(2CE3)/SERVO(40CS2)
MMRUDY9;FCPC3(2CE3)/Y RUD SERVOCTL(40CS2) SV MON
MMRUDB11;RUD POS XDCR(22CS)/B RUD SERVOCTL(40CS3) POS XDCR
MMRUDB12;FCPC2(2CE2)/B RUD SERVOCTL(40CS3)
MMRUDY11;RUD POS XDCR(27CS)/Y RUD SERVOCTL(40CS2) POS XDCR
MMRUDY12;FCPC3(2CE3)/Y RUD SERVOCTL(40CS2)
MMRUDJAM;RUD JAM:XDCR(22CS/27CS)/ SERVO(40CS1/40CS2/40CS3)
MMRUDJAMP1;RUD JAM:FCPC1(2CE1)/ XDCR(22CS)/SERVO(40CS1)
MMRUDJAMP2;RUD JAM:FCPC2(2CE2)/ XDCR(22CS)/SERVO(40CS3)
MMRUDJAMP3;RUD JAM:FCPC3(2CE3)/ XDCR(27CS)/SERVO(40CS2)
MMRA;RA1 (1SA1) + RA2 (1SA2)
MMRA1;RA1 (1SA1)
MMRA11;FCPC1 (2CE1) / WRG: RA1 TO FCPC1 COM
MMRA12;FCPC2 (2CE2) / WRG: RA1 TO FCPC2 MON
MMRA13;FCPC3 (2CE3) / WRG: RA1 TO FCPC3 MON
MMRA2;RA2 (1SA2)
MMRA21;FCPC1 (2CE1) / WRG: RA2 TO FCPC1 MON
MMRA22;FCPC2 (2CE2) / WRG: RA2 TO FCPC2 COM
MMRA23;FCPC3 (2CE3) / WRG: RA2 TO FCPC3 COM
MMSFCC1;SFCC1 (21CV)
MMSFCC1F;SFCC1 (21CV) FLAPS
MMSFCC1PS1;SFCC1 (21CV)/WRG : SFCC1 SLATS BUS
MMSFCC1PS2;SFCC1 (21CV)/WRG : SFCC1 FLAPS BUS
MMSFCC1S;SFCC1 (21CV) SLATS
MMSFCC2;SFCC2 (22CV)
MMSFCC2F;SFCC2 (22CV) FLAPS
MMSFCC2PS1;SFCC2 (22CV)/WRG : SFCC2 FLAPS BUS
MMSFCC2S;SFCC2 (22CV) SLATS
MMSFCCS1BD;FCSC1 (3CE1) / SFCC1 (21CV) DISCRETE
MMSFCCS2BD;FCSC2 (3CE2) / SFCC2 (22CV) DISCRETE
MMSFCC1P1;FCPC1 (2CE1)/WRG:SFCC1 SLATS BUS TO FCPC1
MMSFCC1P1DIS;FCPC1 (2CE1)/SFCC1(21CV) DISCRETE TO FCPC1
MMSFCC1P2;FCPC2 (2CE2)/WRG:SFCC1 FLAPS BUS TO FCPC2
MMSFCC1P2DIS;FCPC2 (2CE2)/WRG:SFCC1 DISCRETE TO FCPC2
MMSFCC1P3;FCPC3 (2CE3)/WRG:SFCC1 FLAPS BUS TO FCPC3
MMSFCC1P3DIS;FCPC3 (2CE3)/WRG:SFCC1 DISCRETE TO FCPC3
MMSFCC2P1;FCPC1 (2CE1)/WRG:SFCC2 FLAPS BUS TO FCPC1
MMSFCC2P1DIS;FCPC1 (2CE1)/SFCC2(22CV) DISCRETE TO FCPC1
MMSFCC2P2;FCPC2 (2CE2)/WRG:SFCC2 SLATS BUS TO FCPC2
MMSFCC2P2DIS;FCPC2 (2CE2)/WRG:SFCC2 DISCRETE TO FCPC2
MMSFCC1S1;FCSC1 (3CE1)/WRG:SFCC1 SLATS BUS TO FCSC1
MMSFCC1S1DIS;FCSC1 (3CE1)/WRG:SFCC1 DISCRETE TO FCSC1
MMSFCC1S2;FCSC2 (3CE2)/WRG:SFCC1 FLAPS BUS TO FCSC2
MMSFCC1S2DIS;FCSC2 (3CE2)/WRG:SFCC1 DISCRETE TO FCSC2
MMSFCC2P3;FCPC3 (2CE3)/WRG:SFCC2 SLATS BUS TO FCPC3
MMSFCC2P3DIS;FCPC3 (2CE3)/WRG:SFCC2 DISCRETE TO FCPC3
MMSFCC2S1;FCSC1 (3CE1)/WRG:SFCC2 FLAPS BUS TO FCSC1
MMSFCC2S1DIS;FCSC1 (3CE1)/WRG:SFCC2 DISCRETE TO FCSC1
MMSFCC2S2;FCSC2 (3CE2)/WRG:SFCC2 SLATS BUS TO FCSC2
MMSFCC2S2DIS;FCSC2 (3CE2)/WRG:SFCC2 DISCRETE TO FCSC2
MMLGCIU1;LGCIU1 (5GA1)
MMLGCIU12;LGCIU1 (5GA1)/ LGCIU2 (5GA2)
MMLGCIU12P1;FCPC1(2CE1)/LGCIU1(5GA1) /LGCIU2 (5GA2)
MMLGCIU12P2;FCPC2(2CE2)/LGCIU1(5GA1) /LGCIU2 (5GA2)
MMLGCIU12P3;FCPC3(2CE3)/LGCIU1(5GA1) /LGCIU2 (5GA2)
MMLGCIU1PC1;FCPC1(2CE1)/LGCIU1(5GA1)
MMLGCIU1PC2;FCPC2(2CE2)/WRG:LGCIU1 TO FCPC2
MMLGCIU1PC3;FCPC3(2CE3)/WRG:LGCIU1 TO FCPC3
MMLGCIU2;LGCIU2 (5GA2)
MMLGCIU2S1;LGCIU2 (5GA2) / FCSC1 (3CE1) COM
MMLGCIU1DC1;LGCIU1(5GA1)/FCDC1(1CE1)
MMLGCIU1S1;LGCIU1 (5GA1) / FCSC1 (3CE1) MON
MMLGCIU1S2;LGCIU1 (5GA1) / FCSC2 (3CE2) COM
MMLGCIU2DC2;LGCIU2(5GA2)/FCDC2(1CE2)
MMLGCIU2PC1;FCPC1(2CE1)/LGCIU2(5GA2)
MMLGCIU2PC2;FCPC2(2CE2)/WRG:LGCIU2 TO FCPC2
MMLGCIU2PC3;FCPC3(2CE3)/WRG:LGCIU2 TO FCPC3
MMLGCIU2S2;LGCIU2 (5GA2) / FCSC2 (3CE2) MON
MMLGCIUDC;LGCIU1/2(5GA1/2)DISCRETE NLG / FCDC1/2 (1CE1/2)
MMADIRUI1P1;ADIRU1 (1FP1) IR1 / FCPC1 (2CE1)
MMADIRUI1P2;FCPC2 (2CE2)/WRG:ADIRU1 BUS IR1-2 TO FCPC2
MMADIRUI1P3;FCPC3 (2CE3)/WRG:ADIRU1 BUS IR1-2 TO FCPC3
MMADIRUI2P1;ADIRU2 (1FP2) IR2 / FCPC1 (2CE1)
MMADIRUI2P2;FCPC2 (2CE2)/WRG:ADIRU2 BUS IR2-2 TO FCPC2
MMADIRUI2P3;FCPC3 (2CE3)/WRG:ADIRU2 BUS IR2-2 TO FCPC3
MMADIRUA1P1;ADIRU1(1FP1)ADR1/ FCPC1 (2CE1)
MMADIRUA1P2;FCPC2(2CE2)/WRG:ADIRU1 BUS ADR1-2 TO FCPC2
MMADIRUI3P1;ADIRU3(1FP3)IR3/ FCPC1 (2CE1)
MMADIRUI3P2;FCPC2(2CE2)/WRG:ADIRU3 BUS IR3-2 TO FCPC2
MMADIRUI3P3;FCPC3(2CE3)/WRG:ADIRU3 BUS IR3-2 TO FCPC3
MMAOA4;PITOT CPT(9DA1)/ADIRU1 (1FP1)/STAT CPT(7-8DA1)
MMAOA5;PITOT FO(9DA2)/ADIRU2 (1FP2)/STAT FO(7-8DA2)
MMAOA6;PITOT STBY(9DA3)/ADIRU3 (1FP3)/STAT STBY(7-8DA3)
MMADIRUA1P3;FCPC3(2CE3)/WRG:ADIRU1 BUS ADR1-2 TO FCPC3
MMADIRUA2P1;ADIRU2(1FP2)ADR2/ FCPC1 (2CE1)
MMADIRUA2P2;FCPC2(2CE2)/WRG:ADIRU2 BUS ADR2-2 TO FCPC2
MMADIRUA2P3;FCPC3(2CE3)/WRG:ADIRU2 BUS ADR2-2 TO FCPC3
MMADIRUA3P1;ADIRU3(1FP3)ADR3/ FCPC1 (2CE1)
MMADIRUA3P2;FCPC2(2CE2)/WRG:ADIRU3 BUS ADR3-2 TO FCPC2
MMADIRUA3P3;FCPC3(2CE3)/WRG:ADIRU3 BUS ADR3-2 TO FCPC3
MMAOA1;ADIRU1(1FP1)/PITOT CPT (9DA1)/STAT CPT(7-8DA1)
MMAOA2;ADIRU2(1FP2)/PITOT FO (9DA2)/STAT FO(7-8DA2)
MMAOA3;ADIRU3(1FP3)/PITOT STBY (9DA3)/STAT STBY(7-8DA3)
MMADIRU1;ADIRU1 (1FP1)
MMADIRU1A;ADIRU1 (1FP1) BUS ADR
MMADIRU1I;ADIRU1 (1FP1) BUS IR
MMADIRU2;ADIRU2 (1FP2)
MMADIRU2A;ADIRU2 (1FP2) BUS ADR
MMADIRU2I;ADIRU2 (1FP2) BUS IR
MMADIRU3;ADIRU3 (1FP3)
MMADIRU3A;ADIRU3 (1FP3) BUS ADR
MMADIRU3I;ADIRU3 (1FP3) BUS IR
MMKSENG1P1S1;RLY1(24KS1)/FCPC1(2CE1) /FCSC1(3CE1)
MMKSENG2P1S1;RLY2(24KS2)/FCPC1(2CE1) /FCSC1(3CE1)
MMKSENG3DC1;FCDC1(1CE1)/ENG3 OIL LOW PRESS RLY (4KS3)
MMKSENG3DC2;FCDC2(1CE2)/ENG3 OIL LOW PRESS RLY (4KS3)
MMKSENG3P1S1;RLY3(24KS3)/FCPC1(2CE1) /FCSC1(3CE1)
MMKSENG4P1S1;RLY4(24KS4)/FCPC1(2CE1) /FCSC1(3CE1)
MMKSENG1DC1;FCDC1(1CE1)/ENG1 OIL LOW PRESS RLY (4KS1)
MMKSENG1DC2;FCDC2(1CE2)/ENG1 OIL LOW PRESS RLY (4KS1)
MMKSENG2DC1;FCDC1(1CE1)/ENG2 OIL LOW PRESS RLY (4KS2)
MMKSENG2DC2;FCDC2(1CE2)/ENG2 OIL LOW PRESS RLY (4KS2)
MMKSENG4DC1;FCDC1(1CE1)/ENG4 OIL LOW PRESS RLY (4KS4)
MMKSENG4DC2;FCDC2(1CE2)/ENG4 OIL LOW PRESS RLY (4KS4)
MMKSENG1P1;FCPC1(2CE1)/WRG:ENG1 50% N2 RLY TO FCPC1
MMKSENG1S1;FCSC1(3CE1)/WRG:ENG1 50% N2 RLY TO FCSC1
MMKSENG2P1;FCPC1(2CE1)/WRG:ENG2 50% N2 RLY TO FCPC1
MMKSENG2S1;FCSC1(3CE1)/WRG:ENG2 50% N2 RLY TO FCSC1
MMKSENG3P1;FCPC1(2CE1)/WRG:ENG3 50% N2 RLY TO FCPC1
MMKSENG4P1;FCPC1(2CE1)/WRG:ENG4 50% N2 RLY TO FCPC1
MMKSENG1DC;FCDC1(1CE1)/FCDC2(1CE2)/ ENG1 LOW PRESS RLY(4KS1)
MMKSENG2DC;FCDC1(1CE1)/FCDC2(1CE2)/ ENG2 LOW PRESS RLY(4KS2)
MMKSENG3DC;FCDC1(1CE1)/FCDC2(1CE2)/ ENG3 LOW PRESS RLY(4KS3)
MMKSENG3S1;FCSC1(3CE1)/WRG:ENG3 50% N2 RLY TO FCSC1
MMKSENG4DC;FCDC1(1CE1)/FCDC2(1CE2)/ ENG4 LOW PRESS RLY(4KS4)
MMKSENG4S1;FCSC1(3CE1)/WRG:ENG4 50% N2 RLY TO FCSC1
MMALAW1;HSMU (1JG) RAT EXTENDED SIGNAL ON
MMALAW2;AOA SNSR 1+2 / 2+3 / 1+3 (3FP)
MMALAW3;AOA DATA DISAGREE (3FP)
MMALAW4;PROBE-PITOT 1+2 / 2+3 / 1+3 (9DA)
MMRATP1;FCPC1 (2CE1) / WRG: HSMU TO FCPC1
MMRATP1S1;HSMU (1JG) / WRG: HSMU TO FCPC1 + FCSC1
MMRATS1;FCSC1 (3CE1) / WRG: HSMU TO FCSC1
MMCMC;CMC1 (1TM1)
MMCMCD1;CMC1 (1TM1)/FCDC1 (1CE1)
MMCMCD2;CMC1 (1TM1)/FCDC2 (1CE2)
MMFMGEC;FMGEC1/FMGEC2
MMFMGEC1;FMGEC1 (1CA1)
MMFMGEC11;FCPC1 (2CE1)/WRG:FMGEC1 BUS G GE-1 TO FCPC1
MMFMGEC12;FCPC2 (2CE2)/WRG:FMGEC1 BUS G GE-1 TO FCPC2
MMFMGEC13;FCPC3 (2CE3)/WRG:FMGEC1 BUS G GE-1 TO FCPC3
MMFMGEC2;FMGEC2 (1CA2)
MMFMGEC21;FCPC1 (2CE1)/WRG:FMGEC2 BUS G GE-1 TO FCPC1
MMFMGEC22;FCPC2 (2CE2)/WRG:FMGEC2 BUS G GE-1 TO FCPC2
MMFMGEC23;FCPC3 (2CE3)/WRG:FMGEC2 BUS G GE-1 TO FCPC3
MMSFCC12;SFCC1+2 (21CV+22CV)
MMSFCC12F;SFCC1+2 (21CV+22CV) FLAP
MMSFCC12S;SFCC1+2 (21CV+22CV) SLAT
MMADIRU12A;ADIRU1+2(1FP1+2)ADR
MMADIRU12I;ADIRU1+2(1FP1+2)IR
MMADIRU13A;ADIRU1+3(1FP1+3)ADR
MMADIRU13I;ADIRU1+3(1FP1+3)IR
MMADIRU1A2;ADIRU1(1FP1)BUS ADR1-2
MMADIRU1I2;ADIRU1(1FP1)BUS IR1-2
MMADIRU23A;ADIRU2+3(1FP2+3)ADR
MMADIRU23I;ADIRU2+3(1FP2+3)IR
MMADIRU2A2;ADIRU2(1FP2)BUS ADR2-2
MMADIRU2I2;ADIRU2(1FP2)BUS IR2-2
MMADIRU3A2;ADIRU3(1FP3)BUS ADR3-2
MMADIRU3I2;ADIRU3(1FP3)BUS IR3-2
MMADIRU12;ADIRU1+2 (1FP1+2)
MMADIRU123;ADIRU1+2+3 (1FP1+2+3)
MMADIRU123A;ADIRU1+2+3 (1FP1+2+3)ADR
MMADIRU123I;ADIRU1+2+3 (1FP1+2+3) IR
MMADIRU13;ADIRU1+3 (1FP1+3)
MMADIRU23;ADIRU2+3 (1FP2+3)
MMAOA123A;AOA1+2+3 (3FP1+2+3)
MMAOA12A;AOA1+2 (3FP1+2)
MMAOA13A;AOA1+3 (3FP1+3)
MMAOA1A;AOA1 (3FP1)
MMAOA23A;AOA2+3 (3FP2+3)
MMAOA2A;AOA2 (3FP2)
MMAOA3A;AOA3 (3FP3)
MMBSCU;BSCU(3GG)/ WRG:BSCU TO FCPC
MMBSCUP1;FCPC1(2CE1)/BSCU(3GG)/ WRG:BSCU TO FCPC1
MMBSCUP2;FCPC2(2CE2)/BSCU(3GG)/ WRG:BSCU TO FCPC2
MMBSCUP3;FCPC3(2CE3)/BSCU(3GG)/ WRG:BSCU TO FCPC3
MMBSCUXMTR;XMTR - BRK PEDAL(22GG) /BSCU(3GG)
MMBSCUXMTRP1;FCPC1(2CE1)/BSCU(3GG)/ XMTR - BRK PEDAL (22GG)
MMBSCUXMTRP2;FCPC2(2CE2)/BSCU(3GG)/ XMTR - BRK PEDAL (22GG)
MMBSCUXMTRP3;FCPC3(2CE3)/BSCU(3GG)/ XMTR - BRK PEDAL (22GG)
MMATA271451;271451
MMATA272451;272451
MMATA273451;273451
MMATA274451;274451
MMATA276451;276451
MMATA276452;276452
MMATA279211;279211
MMATA279214;279214
MMATA279215;279215
MMATA279216;279216
MMATA279217;279217
MMATA279218;279218
MMATA279219;279219
MMATA279241;279241
MMATA279334;279334
MMATA279434;279434
MMATA279534;279534
MMATA279816;279816
MMATA279817;279817
MMATA279934;279934
MMATA279951;279951
MMATA228334;228334
MMATA279800;279800
MMATA291134;291134
MMATA293115;293115
MMATA293116;293116
MMATA323171;323171
MMATA324200;324200
MMATA324247;324247
MMATA324257;324257
MMATA340000;340000
MMATA341115;341115
MMATA341119;341119
MMATA341234;341234
MMATA344233;344233
MMATA451334;451334
MMATA732500;732500
MMATA275134;275134
MMPCDC1;FCDC1 (1CE1)/WRG: FCPC1 DGO6 COM TO FCDC1
MMPCDC2;FCDC1 (1CE1)/WRG: FCPC1 DGO6 MON TO FCDC1
MMPCDC3;FCDC1 (1CE1)/WRG: FCPC2 DGO6 COM TO FCDC1
MMPCDC4;FCDC1 (1CE1)/WRG: FCPC2 DGO6 MON TO FCDC1
MMPCDC5;FCDC1 (1CE1)/WRG: FCPC3 DGO6 COM TO FCDC1
MMPCDC10;FCDC2 (1CE2)/WRG: FCPC2 DGO6 MON TO FCDC2
MMPCDC6;FCDC1 (1CE1)/WRG: FCPC3 DGO6 MON TO FCDC1
MMPCDC7;FCDC2 (1CE2)/WRG: FCPC1 DGO6 COM TO FCDC2
MMPCDC8;FCDC2 (1CE2)/WRG: FCPC1 DGO6 MON TO FCDC2
MMPCDC9;FCDC2 (1CE2)/WRG: FCPC2 DGO6 COM TO FCDC2
MMPCDC11;FCDC2 (1CE2)/WRG: FCPC3 DGO6 COM TO FCDC2
MMPCDC12;FCDC2 (1CE2)/WRG: FCPC3 DGO6 MON TO FCDC2
MMPCDC13;FCPC1(2CE1) DGO6 BUS COM
MMPCDC14;FCPC1(2CE1) DGO6 BUS MON
MMPCDC15;FCPC2(2CE2) DGO6 BUS COM
MMPCDC16;FCPC2(2CE2) DGO6 BUS MON
MMPCDC17;FCPC3(2CE3) DGO6 BUS COM
MMPCDC18;FCPC3(2CE3) DGO6 BUS MON
MMSCDC1;FCDC1(1CE1)/WRG: FCSC1 DGO6 COM TO FCDC1
MMSCDC2;FCDC1 (1CE1)/WRG: FCSC1 DGO6 MON TO FCDC1
MMSCDC3;FCDC1 (1CE1)/WRG: FCSC2 DGO6 COM TO FCDC1
MMSCDC4;FCDC1 (1CE1)/WRG: FCSC2 DGO6 MON TO FCDC1
MMSCDC5;FCDC2 (1CE2)/WRG: FCSC1 DGO6 COM TO FCDC2
MMSCDC10;FCSC1(3CE1) DGO6 BUS MON
MMSCDC6;FCDC2 (1CE2)/WRG: FCSC1 DGO6 MON TO FCDC2
MMSCDC7;FCDC2 (1CE2)/WRG: FCSC2 DGO6 COM TO FCDC2
MMSCDC8;FCDC2 (1CE2)/WRG: FCSC2 DGO6 MON TO FCDC2
MMSCDC9;FCSC1(3CE1) DGO6 BUS COM
MMSCDC11;FCSC2(3CE2) DGO6 BUS COM
MMSCDC12;FCSC2(3CE2) DGO6 BUS MON
MMDC1PC1;FCDC1(1CE1)/FCPC1(2CE1)
MMDC1PC2;FCDC1(1CE1)/FCPC2(2CE2)
MMDC1PC3;FCDC1(1CE1)/FCPC3(2CE3)
MMDC1SC1;FCDC1(1CE1)/FCSC1(3CE1)
MMDC1SC2;FCDC1(1CE1)/FCSC2(3CE2)
MMDC2PC1;FCDC2(1CE2)/FCPC1(2CE1)
MMDC2PC2;FCDC2(1CE2)/FCPC2(2CE2)
MMDC2PC3;FCDC2(1CE2)/FCPC3(2CE3)
MMDC2SC1;FCDC2(1CE2)/FCSC1(3CE1)
MMDC2SC2;FCDC2(1CE2)/FCSC2(3CE2)
MMDCW1;FCDC1 (1CE1)/WRG: FCDC2 DGO6 TO FCDC1
MMDCW2;FCDC2 (1CE2)/WRG: FCDC1 DGO6 TO FCDC2
MMSC1WDGO5;FCSC1(3CE1)/WRG:FCSC1 DGO5 BUS/DSO1 DISCRETE
MMSC2WDGO5;FCSC2(3CE2)/WRG:FCSC2 DGO5 BUS/DSO1 DISCRETE
MMSC1PC1C;FCPC1(2CE1)/WRG:FCSC1 DGO5 BUS/DSO1 DISCRETE
MMSC1PC2M;FCPC2(2CE2)/WRG:FCSC1 DGO5 BUS/DSO1 DISCRETE
MMSC1PC3M;FCPC3(2CE3)/WRG:FCSC1 DGO5 BUS/DSO1 DISCRETE
MMSC2PC1M;FCPC1(2CE1)/WRG:FCSC2 DGO5 BUS/DSO1 DISCRETE
MMSC2PC2C;FCPC2(2CE2)/WRG:FCSC2 DGO5 BUS/DSO1 DISCRETE
MMSC2PC3C;FCPC3(2CE3)/WRG:FCSC2 DGO5 BUS/DSO1 DISCRETE
MMPC1SC1;FCSC1(3CE1)/WRG:FCPC1 DGO5 BUS/DSO4 DISCRETE
MMPC1SC2;FCSC2(3CE2)/WRG:FCPC1 DGO5 BUS/DSO4 DISCRETE
MMPC2SC1;FCSC1(3CE1)/WRG:FCPC2 DGO5 BUS/DSO4 DISCRETE
MMPC2SC2;FCSC2(3CE2)/WRG:FCPC2 DGO5 BUS/DSO4 DISCRETE
MMPC3SC1;FCSC1(3CE1)/WRG:FCPC3 DGO5 BUS/DSO4 DISCRETE
MMPC3SC2;FCSC2(3CE2)/WRG:FCPC3 DGO5 BUS/DSO4 DISCRETE
MMP1S1PDIS;FCSC1(3CE1)/WRG:FCPC 1/2 DSO 1/2 TO FCSC1
MMP2S2PDIS;FCSC2(3CE2)/WRG:FCPC 1/2 DSO 1/2 TO FCSC2
MMSC1SC1PDIS;FCSC1(3CE1)/WRG:FCSC1 DSO 2/3 TO FCSC1 DSI
MMSC1SC2PDIS;FCSC2(3CE2)/WRG:FCSC1 DSO 2/3 TO FCSC2 DSI
MMPNDEV;87292337V04X21
MMPNDEVHS;87292337W01X21
MMPNS;87292337V04M06  Z
MMPNSHS;87292337W01M06  Z
MMTSTGRUD;G RUD SERVOCTL(40CS1) 0.65<DAMPG FACTOR<1.27
MMTSTGRUD2;G RUD SERVOCTL(40CS1) 0.78<DAMPG FACTOR<1.65
MMTSTLGOA;L G OUTR AIL SERVO(9CS1) (MIN DAMPG FACTOR: 0.21)
MMTSTLYOA;LY OUTR AIL SERVO(10CS1) (MIN DAMPG FACTOR:0.21)
MMTSTRGOA;RG OUTR AIL SERVO(10CS2) (MIN DAMPG FACTOR: 0.21)
MMTSTRYOA;R Y OUTR AIL SERVO(9CS2) (MIN DAMPG FACTOR: 0.21)
MMTSTBRUD;B RUD SERVOCTL(40CS3) 0.65<DAMPG FACTOR<1.27
MMTSTBRUD2;B RUD SERVOCTL(40CS3) 0.78<DAMPG FACTOR<1.65
MMTSTLBEL;L B ELEV SERVOCTL (3CS1) (MIN DAMPG FACTOR:0.60)
MMTSTLGEL;L G ELEV SERVOCTL (2CS1) (MIN DAMPG FACTOR: 0.60)
MMTSTRGEL;R G ELEV SERVOCTL (2CS2) (MIN DAMPG FACTOR: 0.60)
MMTSTRYEL;R Y ELEV SERVOCTL (3CS2) (MIN DAMPG FACTOR: 0.60)
MMTOK;TEST OK
MMTSTLBIA;L B INR AIL SERVO (7CS1) (MIN DAMPG FACTOR: 0.16)
MMTSTLGIA;L G INR AIL SERVO (8CS1) (MIN DAMPG FACTOR: 0.16)
MMTSTRBIA;R B INR AIL SERVO (8CS2) (MIN DAMPG FACTOR: 0.16)
MMTSTRGIA;R G INR AIL SERVO (7CS2) (MIN DAMPG FACTOR: 0.16)
MMTSTYRUD;Y RUD SERVOCTL(40CS2) 0.65<DAMPG FACTOR<1.27
MMTSTYRUD2;Y RUD SERVOCTL(40CS2) 0.78<DAMPG FACTOR<1.65
MMDC1RESET;RESET NOT DONE/GND COND/ FCDC1 (1CE1)
MMDC2RESET;RESET NOT DONE/GND COND/ FCDC2 (1CE2)
MMP1RESET;RESET NOT DONE/HYD COND/ FCPC1 (2CE1)
MMP2RESET;RESET NOT DONE/HYD COND/ FCPC2 (2CE2)
MMP3RESET;RESET NOT DONE/HYD COND/ FCPC3 (2CE3)
MMS1RESET;RESET NOT DONE/HYD COND/ FCSC1 (3CE1)
MMS2RESET;RESET NOT DONE/HYD COND/ FCSC2 (3CE2)
MMTND;TEST NOT DONE/TEST COND
